,Name,Quantity in Stock,Cost Per Unit,Cost Per Round,Round Count,Grain,SKU,DateTime
0,50 Round Box - 45 Auto 230 Grain FMJ Sellier Bellot Brass Case Ammo - SB45ASKU: SB45AAvailable Stock: 160 $20.95 Each 20+ @ $19.99 Each (price per round $0.42),160,20.95,0.42,50,230, SB45A,2024-08-28 20:03:10.411217
1,1000 Round Case - 45 Auto 230 Grain FMJ Sellier Bellot Brass Case Ammo - SB45ASKU: SB45A - case Available Stock: 12 $399.80 Each FREE SHIPPING (price per round $0.40),12,399.8,0.4,1000,230, SB45A - case ,2024-08-28 20:03:10.411217
2,500 Round Can - 45 Auto 230 Grain FMJ Sellier Bellot Brass Case Ammo - SB45A - Packed in M19A1 CanisterSKU: SB45A-500ACAvailable Stock: 5 $219.95 Each FREE SHIPPING 2+ @ $209.95 Each (price per round $0.44),5,219.95,0.44,500,230, SB45A-500AC,2024-08-28 20:03:10.411217
3,1000 Round Can - 45 Auto 230 Grain FMJ Sellier Bellot Brass Case Ammo - SB45A - Packed in M2A1 CanisterSKU: SB45A-ACAvailable Stock: 10 $409.80 Each FREE SHIPPING (price per round $0.41),10,409.8,0.41,1000,230, SB45A-AC,2024-08-28 20:03:10.411217
4,50 Round Box - 45 Auto 230 Grain FMJ PMC Ammo - 45ASKU: pmc45a.50Available Stock: 66 $22.95 Each 20+ @ $20.95 Each (price per round $0.46),66,22.95,0.46,50,230, pmc45a.50,2024-08-28 20:03:10.411217
5,1000 Round Case - PMC 45 Auto 230 Grain FMJ Ammo - 45ASKU: pmc45aAvailable Stock: 8 $419.00 Each FREE SHIPPING (price per round $0.42),8,419.0,0.42,1000,230, pmc45a,2024-08-28 20:03:10.411217
6,350 Round Can - PMC 45 Auto 230 Grain FMJ Ammo - 45A - Packed in M19A1 CanisterSKU: PMC-45A-350ACAvailable Stock: 5 $170.95 Each (price per round $0.49),5,170.95,0.49,350,230, PMC-45A-350AC,2024-08-28 20:03:10.411217
7,100 Round Box - 45 Auto / ACP Winchester 230 Grain FMJ Ammo - USA45AVPSKU: USA45AVPAvailable Stock: 35 $45.95 Each 10+ @ $41.95 Each (price per round $0.46),35,45.95,0.46,100,230, USA45AVP,2024-08-28 20:03:10.411217
8,500 Round Case - 45 Auto / ACP Winchester 230 Grain FMJ Ammo - USA45AVPSKU: USA45AVP-500csAvailable Stock: 11 $219.75 Each FREE SHIPPING 2+ @ $209.75 Each (price per round $0.44),11,219.75,0.44,500,230, USA45AVP-500cs,2024-08-28 20:03:10.411217
9,50 Round Box - 45 Auto / ACP Winchester 230 Grain FMJ - Q4170SKU: q4170-50Available Stock: 113 $22.95 Each 20+ @ $20.95 Each (price per round $0.46),113,22.95,0.46,50,230, q4170-50,2024-08-28 20:03:10.411217
10,500 Round Case - 45 Auto / ACP Winchester 230 Grain FMJ Ammo - Q4170SKU: q4170-500Available Stock: 8 $219.50 Each FREE SHIPPING 2+ @ $209.50 Each (price per round $0.44),8,219.5,0.44,500,230, q4170-500,2024-08-28 20:03:10.411217
11,50 Round Box - 45 Auto 230 Grain Flat Nose FMJ Winchester Ammo - Red45SKU: Red45 - BoxAvailable Stock: 36 $24.95 Each 20+ @ $22.95 Each (price per round $0.50),36,24.95,0.5,50,230, Red45 - Box,2024-08-28 20:03:10.411217
12,500 Round Case - 45 Auto 230 Grain Flat Nose FMJ Winchester Ammo - Red45SKU: Red45 - CaseAvailable Stock: 8 $239.50 Each FREE SHIPPING 2+ @ $229.50 Each (price per round $0.48),8,239.5,0.48,500,230, Red45 - Case,2024-08-28 20:03:10.411217
13,1000 Rounds - 45 Auto 230 Grain Flat Nose FMJ Winchester Ammo - Red45SKU: Red45 - 2 CasesAvailable Stock: 13 $459.00 Each FREE SHIPPING (price per round $0.46),13,459.0,0.46,,230, Red45 - 2 Cases,2024-08-28 20:03:10.411217
14,50 Round Box - 45 Auto 230 Grain FMJ Encapsulated Winchester Super Suppressed Ammo - SUP45SKU: SUP45 - BoxAvailable Stock: 65 $24.95 Each 10+ @ $23.95 Each (price per round $0.50),65,24.95,0.5,50,230, SUP45 - Box,2024-08-28 20:03:10.411217
15,500 Round Case - 45 Auto 230 Grain FMJ Encapsulated Winchester Super Suppressed Ammo - SUP45SKU: SUP45 - CaseAvailable Stock: 11 $239.50 Each FREE SHIPPING 2+ @ $229.50 Each (price per round $0.48),11,239.5,0.48,500,230, SUP45 - Case,2024-08-28 20:03:10.411217
16,300 Round Can - 45 Auto 230 Grain FMJ Encapsulated Winchester Super Suppressed Ammo - SUP45 - Packed in M19A1 CanisterSKU: SUP45 - 300ACAvailable Stock: 4 $159.70 Each (price per round $0.53),4,159.7,0.53,300,230, SUP45 - 300AC,2024-08-28 20:03:10.411217
17,50 Round Box - 45 Auto 230 Grain FMJ CCI Blazer Brass Case Ammo - 5230SKU: 5230 Available Stock: 82 $22.95 Each 20+ @ $21.99 Each (price per round $0.46),82,22.95,0.46,50,230, 5230 ,2024-08-28 20:03:10.411217
18,1000 Round Case - 45 Auto 230 Grain FMJ CCI Blazer Brass Case Ammo - 5230 SKU: 5230 - caseAvailable Stock: 8 $439.80 Each FREE SHIPPING (price per round $0.44),8,439.8,0.44,1000,230, 5230 - case,2024-08-28 20:03:10.411217
19,350 Round Can - 45 Auto 230 Grain FMJ CCI Blazer Brass Case Ammo - 5230 - Packed in M19A1 CanisterSKU: 5230-350ACAvailable Stock: 9 $169.50 Each (price per round $0.48),9,169.5,0.48,350,230, 5230-350AC,2024-08-28 20:03:10.411217
20,700 Round Can - 45 Auto 230 Grain FMJ CCI Blazer Brass Case Ammo - 5230 - Packed in M2A1 CanisterSKU: 5230-700-ACAvailable Stock: 7 $319.50 Each FREE SHIPPING (price per round $0.46),7,319.5,0.46,700,230, 5230-700-AC,2024-08-28 20:03:10.411217
21,100 Round Box - 45 ACP - Auto Federal American Eagle 230 Grain FMJ Ammo - AE45A100SKU: AE45A100-100Available Stock: 34 $49.95 Each 5+ @ $43.95 Each (price per round $0.50),34,49.95,0.5,100,230, AE45A100-100,2024-08-28 20:03:10.411217
22,500 Round Case - 45 ACP - Auto Federal American Eagle 230 Grain FMJ Ammo - AE45A100SKU: AE45A100 - CaseAvailable Stock: 4 $219.75 Each FREE SHIPPING 2+ @ $209.75 Each (price per round $0.44),4,219.75,0.44,500,230, AE45A100 - Case,2024-08-28 20:03:10.411217
23,50 Round Box - 45 Auto 230 Grain JHP Hollow Point Ammo by Sellier Bellot - SB45CSKU: SB45C - BoxAvailable Stock: 65 $22.95 Each 20+ @ $21.95 Each (price per round $0.46),65,22.95,0.46,50,230, SB45C - Box,2024-08-28 20:03:10.411217
24,1000 Round Case - 45 Auto 230 Grain JHP Hollow Point Ammo by Sellier Bellot - SB45CSKU: SB45C - CaseAvailable Stock: 11 $439.00 Each FREE SHIPPING (price per round $0.44),11,439.0,0.44,1000,230, SB45C - Case,2024-08-28 20:03:10.411217
25,500 Round Can - 45 Auto 230 Grain JHP Hollow Point Ammo by Sellier Bellot - SB45C - Packed in M19A1 CanisterSKU: SB45C-500ACAvailable Stock: 10 $239.50 Each FREE SHIPPING 2+ @ $229.50 Each (price per round $0.48),10,239.5,0.48,500,230, SB45C-500AC,2024-08-28 20:03:10.411217
26,50 Round Box - 45 Auto / ACP PMC 185 Grain JHP Hollow Point Ammo - 45BSKU: PMC-45B-boxAvailable Stock: 77 $26.95 Each 20+ @ $25.95 Each (price per round $0.54),77,26.95,0.54,50,185, PMC-45B-box,2024-08-28 20:03:10.411217
27,1000 Round Case - 45 Auto / ACP PMC 185 Grain JHP Hollow Point Ammo - 45BSKU: PMC-45BAvailable Stock: 10 $519.00 Each FREE SHIPPING (price per round $0.52),10,519.0,0.52,1000,185, PMC-45B,2024-08-28 20:03:10.411217
28,350 Round Can - 45 Auto / ACP PMC 185 Grain JHP Hollow Point Ammo - 45B - Packed in M19A1 CanisterSKU: PMC-45B-350ACAvailable Stock: 8 $209.50 Each FREE SHIPPING (price per round $0.60),8,209.5,0.6,350,185, PMC-45B-350AC,2024-08-28 20:03:10.411217
29,50 Round Box - 45 Auto 185 Grain JHP Prvi Partizan Defense Line Ammo - PPD45SKU: PPD45 - BoxAvailable Stock: 46 $29.95 Each 10+ @ $28.95 Each (price per round $0.60),46,29.95,0.6,50,185, PPD45 - Box,2024-08-28 20:03:10.411217
30,500 Round Case - 45 Auto 185 Grain JHP Prvi Partizan Defense Line Ammo - PPD45SKU: PPD45 - CaseAvailable Stock: 5 $289.50 Each FREE SHIPPING (price per round $0.58),5,289.5,0.58,500,185, PPD45 - Case,2024-08-28 20:03:10.411217
31,50 Round Box - 45 Auto +P Federal HST 230 Grain HP Hollow Point LE Ammo - P45HST1SKU: p45hst1Available Stock: 61 $39.95 Each 20+ @ $34.95 Each (price per round $0.80),61,39.95,0.8,50,230, p45hst1,2024-08-28 20:03:10.411217
32,1000 Round Case - 45 Auto +P Federal HST 230 Grain HP Hollow Point LE Ammo - P45HST1 SKU: p45hst1-1000Available Stock: 5 $699.00 Each FREE SHIPPING (price per round $0.70),5,699.0,0.7,1000,230, p45hst1-1000,2024-08-28 20:03:10.411217
33,350 Round Can - 45 Auto +P Federal HST 230 Grain HP Hollow Point LE Ammo - P45HST1 - Packed in M19A1 CanisterSKU: P45HST1 - 350ACAvailable Stock: 8 $279.50 Each FREE SHIPPING (price per round $0.80),8,279.5,0.8,350,230, P45HST1 - 350AC,2024-08-28 20:03:10.411217
34,50 Round Box - 45 Auto Federal HST 230 Grain HP Hollow Point LE Ammo - P45HST2 SKU: p45hst2Available Stock: 67 $39.95 Each 20+ @ $34.95 Each (price per round $0.80),67,39.95,0.8,50,230, p45hst2,2024-08-28 20:03:10.411217
35,1000 Round Case - 45 Auto Federal HST 230 Grain HP Hollow Point LE Ammo - P45HST2SKU: p45hst2-1000Available Stock: 9 $699.00 Each FREE SHIPPING (price per round $0.70),9,699.0,0.7,1000,230, p45hst2-1000,2024-08-28 20:03:10.411217
36,350 Round Can - 45 Auto Federal HST 230 Grain HP Hollow Point LE Ammo - P45HST2 - Packed in M19A1 CanisterSKU: P45HST2 - 350ACAvailable Stock: 6 $279.50 Each FREE SHIPPING (price per round $0.80),6,279.5,0.8,350,230, P45HST2 - 350AC,2024-08-28 20:03:10.411217
37,50 Round Box - 45 Auto / ACP Federal Hydra Shok 230 Grain JHP Ammo - P45HS1GSKU: P45HS1GAvailable Stock: 71 $44.95 Each 20+ @ $39.95 Each (price per round $0.90),71,44.95,0.9,50,230, P45HS1G,2024-08-28 20:03:10.411217
38,1000 Round Case - 45 Auto / ACP Federal Hydrashok 230 Grain JHP Ammo - P45HS1GSKU: P45HS1G-1000Available Stock: 4 $799.00 Each FREE SHIPPING (price per round $0.80),4,799.0,0.8,1000,230, P45HS1G-1000,2024-08-28 20:03:10.411217
39,350 Round Can - 45 Auto / ACP Federal Hydrashok 230 Grain JHP Ammo - P45HS1G - Packed in M19A1 CanisterSKU: P45HS1G - 350ACAvailable Stock: 7 $309.50 Each FREE SHIPPING (price per round $0.88),7,309.5,0.88,350,230, P45HS1G - 350AC,2024-08-28 20:03:10.411217
40,50 Round Box - 45 Auto 230 Grain Winchester Ranger T-series Ammo - RA45TSKU: RA45TAvailable Stock: 52 $39.95 Each 10+ @ $38.95 Each (price per round $0.80),52,39.95,0.8,50,230, RA45T,2024-08-28 20:03:10.411217
41,500 Round Case - 45 Auto 230 Grain T-Series Winchester Ranger Hollow Point Ammo - RA45TSKU: RA45T-500Available Stock: 11 $389.50 Each FREE SHIPPING (price per round $0.78),11,389.5,0.78,500,230, RA45T-500,2024-08-28 20:03:10.411217
42,50 Round Box - 45 Auto +P 230 Grain Ranger T-Series Winchester - RA45TPSKU: ra45tp-50Available Stock: 72 $39.95 Each 10+ @ $38.95 Each (price per round $0.80),72,39.95,0.8,50,230, ra45tp-50,2024-08-28 20:03:10.411217
43,500 Round Case - 45 Auto +P 230 Grain Ranger T-Series Winchester - RA45TPSKU: ra45tp-500Available Stock: 6 $389.50 Each FREE SHIPPING (price per round $0.78),6,389.5,0.78,500,230, ra45tp-500,2024-08-28 20:03:10.411217
44,50 Round Box - 45 Auto 230 Grain Bonded Hollow Point Winchester Ranger Ammo - RA45BSKU: ra45b-50Available Stock: 67 $55.95 Each 10+ @ $54.95 Each (price per round $1.12),67,55.95,1.12,50,230, ra45b-50,2024-08-28 20:03:10.411217
45,500 Round Case - 45 Auto 230 Grain Bonded Hollow Point Winchester Ranger Ammo - RA45BSKU: ra45b-500Available Stock: 3 $549.50 Each FREE SHIPPING (price per round $1.10),3,549.5,1.1,500,230, ra45b-500,2024-08-28 20:03:10.411217
46,20 Round Box - 45 Auto 185 Grain Defense JHP Winchester Silvertip Ammo - W45ASTSKU: W45AST - BoxAvailable Stock: 64 $22.95 Each 10+ @ $21.95 Each (price per round $1.15),64,22.95,1.15,20,185, W45AST - Box,2024-08-28 20:03:10.411217
47,200 Round Case - 45 Auto 185 Grain Defense JHP Winchester Silvertip Ammo - W45ASTSKU: W45AST - CaseAvailable Stock: 9 $219.50 Each FREE SHIPPING (price per round $1.10),9,219.5,1.1,200,185, W45AST - Case,2024-08-28 20:03:10.411217
48,20 Round Box - 45 Auto 230 Grain Bonded PDX1 Hollow Point Ammo - S45PDBSKU: S45PDBAvailable Stock: 65 $30.95 Each 10+ @ $29.95 Each (price per round $1.55),65,30.95,1.55,20,230, S45PDB,2024-08-28 20:03:10.411217
49,200 Round Case - 45 Auto 230 Grain Bonded PDX1 Hollow Point Ammo - S45PDBSKU: S45PDB - CaseAvailable Stock: 11 $299.50 Each FREE SHIPPING (price per round $1.50),11,299.5,1.5,200,230, S45PDB - Case,2024-08-28 20:03:10.411217
50,20 Round Box - 45 Auto 185 Grain XTP Hornady American Gunner Ammo - 90904SKU: 90904 - BoxAvailable Stock: 68 $19.95 Each 10+ @ $18.95 Each (price per round $1.00),68,19.95,1.0,20,185, 90904 - Box,2024-08-28 20:03:10.411217
51,200 Round Case - 45 Auto 185 Grain XTP Hornady American Gunner Ammo - 90904SKU: 90904 - CaseAvailable Stock: 11 $189.50 Each (price per round $0.95),11,189.5,0.95,200,185, 90904 - Case,2024-08-28 20:03:10.411217
52,20 Round Box - 45 Auto Hornady Critical Defense 185 Grain Hollow Point Ammo - 90900SKU: HA45CD185Available Stock: 67 $27.95 Each 10+ @ $26.95 Each (price per round $1.40),67,27.95,1.4,20,185, HA45CD185,2024-08-28 20:03:10.411217
53,200 Round Case - 45 Auto Critical Defense 185 Grain Hollow Point Ammo - 90900SKU: HA45CD185-200Available Stock: 11 $269.50 Each FREE SHIPPING (price per round $1.35),11,269.5,1.35,200,185, HA45CD185-200,2024-08-28 20:03:10.411217
54,20 Round Box - 45 Auto 200 Grain XTP Hollow Point Hornady Custom Ammo - 9112SKU: 9112Available Stock: 108 $22.95 Each 10+ @ $21.95 Each (price per round $1.15),108,22.95,1.15,20,200, 9112,2024-08-28 20:03:10.411217
55,200 Round Case - 45 Auto 200 Grain XTP Hollow Point Hornady Custom Ammo - 9112SKU: 9112 - caseAvailable Stock: 6 $219.50 Each FREE SHIPPING (price per round $1.10),6,219.5,1.1,200,200, 9112 - case,2024-08-28 20:03:10.411217
56,20 Round Box - 45 Auto +P 230 Grain XTP Hornady Ammo - 9096SKU: 9096Available Stock: 60 $24.95 Each 10+ @ $23.95 Each (price per round $1.25),60,24.95,1.25,20,230, 9096,2024-08-28 20:03:10.411217
57,200 Round Case - 45 Auto +P 230 Grain XTP Hornady Ammo - 9096SKU: 9096-caseAvailable Stock: 9 $239.50 Each FREE SHIPPING (price per round $1.20),9,239.5,1.2,200,230, 9096-case,2024-08-28 20:03:10.411217
58,20 Round Box - 45 Auto 220 Grain +P Hornady Critical Duty Ammo - 90926SKU: 90926 Available Stock: 48 $29.95 Each 10+ @ $28.95 Each (price per round $1.50),48,29.95,1.5,20,220, 90926 ,2024-08-28 20:03:10.411217
59,200 Round Case - 45 Auto 220 Grain +P Hornady Critical Duty Ammo - 90926SKU: 90926 - caseAvailable Stock: 8 $289.50 Each FREE SHIPPING (price per round $1.45),8,289.5,1.45,200,220, 90926 - case,2024-08-28 20:03:10.411217
60,20 Round Box - 45 Auto 230 Grain XTP Subsonic Hornady Ammo - 90971SKU: 90971 - BoxAvailable Stock: 48 $26.95 Each 10+ @ $25.95 Each (price per round $1.35),48,26.95,1.35,20,230, 90971 - Box,2024-08-28 20:03:10.411217
61,200 Round Case - 45 Auto 230 Grain XTP Subsonic Hornady Ammo - 90971SKU: 90971 - CaseAvailable Stock: 3 $259.50 Each FREE SHIPPING (price per round $1.30),3,259.5,1.3,200,230, 90971 - Case,2024-08-28 20:03:10.411217
62,20 Round Box - 45 Auto 200 Grain Winchester USA Ready Defense Ammo - RED45HPSKU: RED45HP - BoxAvailable Stock: 170 $18.95 Each 10+ @ $17.95 Each (price per round $0.95),170,18.95,0.95,20,200, RED45HP - Box,2024-08-28 20:03:10.411217
63,200 Round Case - 45 Auto 200 Grain Winchester USA Ready Defense Ammo - RED45HPSKU: RED45HP - CaseAvailable Stock: 11 $179.50 Each (price per round $0.90),11,179.5,0.9,200,200, RED45HP - Case,2024-08-28 20:03:10.411217
64,25 Round Box - 45 Auto 165 Grain Sellier Bellot XRG Hollow Point Defense Ammo - SB45XASKU: SB45XA - BoxAvailable Stock: 27 $17.95 Each 10+ @ $15.95 Each (price per round $0.72),27,17.95,0.72,25,165, SB45XA - Box,2024-08-28 20:03:10.411217
65,20 Round Box - 45 Auto 230 Grain Hollow Point Remington Ultimate Defense - HD45APBNSKU: HD45APBNAvailable Stock: 50 $14.95 Each 25+ @ $13.95 Each (price per round $0.75),50,14.95,0.75,20,230, HD45APBN,2024-08-28 20:03:10.411217
66,500 Round Case - 45 Auto 230 Grain Hollow Point Remington Ultimate Defense - HD45APBNSKU: HD45APBN - BoxAvailable Stock: 4 $348.75 Each FREE SHIPPING (price per round $0.70),4,348.75,0.7,500,230, HD45APBN - Box,2024-08-28 20:03:10.411217
67,20 Round Box - 45 Auto +P 185 Grain DPX Hollow Point Corbon Ammo - DPX45185/20SKU: DPX45185/20 - boxAvailable Stock: 182 $21.95 Each 10+ @ $20.95 Each (price per round $1.10),182,21.95,1.1,20,185, DPX45185/20 - box,2024-08-28 20:03:10.411217
68,50 Round Box - 45 Auto 230 Grain FMJ Federal Gold Medal Match Ammo - GM45ASKU: GM45A - BoxAvailable Stock: 7 $39.95 Each 10+ @ $38.95 Each (price per round $0.80),7,39.95,0.8,50,230, GM45A - Box,2024-08-28 20:03:10.411217
69,50 Round Box - 45 Auto 185 Grain FMJ Semi-Wadcutter Federal Gold Medal Match Ammo - GM45BSKU: GM45B - BoxAvailable Stock: 1 $39.95 Each 10+ @ $38.95 Each (price per round $0.80),1,39.95,0.8,50,185, GM45B - Box,2024-08-28 20:03:10.411217
70,50 Round Box - 45 Auto 185 Grain Remington Golden Saber BJHP Hollow Point Ammo - GS45APABSKU: GS45APAB - boxAvailable Stock: 88 $36.95 Each 10+ @ $35.95 Each (price per round $0.74),88,36.95,0.74,50,185, GS45APAB - box,2024-08-28 20:03:10.411217
71,500 Round Case - 45 Auto 185 Grain Remington Golden Saber BJHP Hollow Point Ammo - GS45APABSKU: GS45APAB - caseAvailable Stock: 8 $359.50 Each FREE SHIPPING (price per round $0.72),8,359.5,0.72,500,185, GS45APAB - case,2024-08-28 20:03:10.411217
72,50 Round Box - 45 Auto +P 185 Grain Remington Golden Saber BJHP Hollow Point Ammo - GS45APCBSKU: GS45APCB - boxAvailable Stock: 70 $36.95 Each 10+ @ $35.95 Each (price per round $0.74),70,36.95,0.74,50,185, GS45APCB - box,2024-08-28 20:03:10.411217
73,500 Round Case - 45 Auto +P 185 Grain Remington Golden Saber BJHP Hollow Point Ammo - GS45APCBSKU: GS45APCB - caseAvailable Stock: 7 $359.50 Each FREE SHIPPING (price per round $0.72),7,359.5,0.72,500,185, GS45APCB - case,2024-08-28 20:03:10.411217
74,200 Round Plastic Can - 45 Auto +P 185 Grain Remington Golden Saber BJHP Hollow Point Ammo - GS45APCB - Packed in Small Plastic CanSKU: GS45APCB - 200PCAvailable Stock: 6 $169.95 Each (price per round $0.85),6,169.95,0.85,200,185, GS45APCB - 200PC,2024-08-28 20:03:10.411217
75,50 Round Box - 45 ACP / Auto Remington Golden Saber 230 Grain BJHP Ammo - GS45APBBSKU: GS45APBB - boxAvailable Stock: 37 $36.95 Each 10+ @ $35.95 Each (price per round $0.74),37,36.95,0.74,50,230, GS45APBB - box,2024-08-28 20:03:10.411217
76,500 Round Case - 45 ACP / Auto Remington Golden Saber 230 Grain BJHP Ammo - GS45APBBSKU: GS45APBB - caseAvailable Stock: 10 $359.50 Each FREE SHIPPING (price per round $0.72),10,359.5,0.72,500,230, GS45APBB - case,2024-08-28 20:03:10.411217
77,50 Round Box - Speer Gold Dot 45 Auto +P 200 Grain GDHP Ammo - 53969 SKU: 53969Available Stock: 59 $39.95 Each 20+ @ $38.95 Each (price per round $0.80),59,39.95,0.8,50,200, 53969,2024-08-28 20:03:10.411217
78,1000 Round Case - Speer Gold Dot 45 Auto +P 200 Grain GDHP Ammo - 53969 SKU: 53969-1000Available Stock: 6 $779.00 Each FREE SHIPPING (price per round $0.78),6,779.0,0.78,1000,200, 53969-1000,2024-08-28 20:03:10.411217
79,50 Round Box - 45 Auto +P 230 Grain Speer Gold Dot G2 Duty Ammo - 54256SKU: 54256 - BoxAvailable Stock: 159 $45.95 Each 20+ @ $44.95 Each (price per round $0.92),159,45.95,0.92,50,230, 54256 - Box,2024-08-28 20:03:10.411217
80,20 Round Box - 45 Auto +P 230 Grain Jacketed Hollow Point Federal HST Ammo - P45HST1SSKU: P45HST1S - BoxAvailable Stock: 66 $29.95 Each 10+ @ $28.95 Each (price per round $1.50),66,29.95,1.5,20,230, P45HST1S - Box,2024-08-28 20:03:10.411217
81,200 Round Case - 45 Auto +P 230 Grain Jacketed Hollow Point Federal HST Ammo - P45HST1SSKU: P45HST1S - CaseAvailable Stock: 4 $289.50 Each FREE SHIPPING (price per round $1.45),4,289.5,1.45,200,230, P45HST1S - Case,2024-08-28 20:03:10.411217
82,20 Round Box - 45 Auto 230 Grain Punch Jacketed Hollow Point Federal Personal Defense Ammo - PD45P1SKU: PD45P1 - BoxAvailable Stock: 37 $21.95 Each 10+ @ $20.95 Each (price per round $1.10),37,21.95,1.1,20,230, PD45P1 - Box,2024-08-28 20:03:10.411217
83,200 Round Case - 45 Auto 230 Grain Punch Jacketed Hollow Point Federal Personal Defense Ammo - PD45P1SKU: PD45P1 - CaseAvailable Stock: 5 $209.50 Each FREE SHIPPING (price per round $1.05),5,209.5,1.05,200,230, PD45P1 - Case,2024-08-28 20:03:10.411217
84,20 Round Box - 45 Auto +P 200 Grain Speer Gold Dot Carry Gun Ammo - 24258SKU: 24258 - BoxAvailable Stock: 85 $30.95 Each 10+ @ $29.95 Each (price per round $1.55),85,30.95,1.55,20,200, 24258 - Box,2024-08-28 20:03:10.411217
85,200 Round Case - 45 Auto +P 200 Grain Speer Gold Dot Carry Gun Ammo - 24258SKU: 24258 - CaseAvailable Stock: 10 $299.50 Each FREE SHIPPING (price per round $1.50),10,299.5,1.5,200,200, 24258 - Case,2024-08-28 20:03:10.411217
86,500 Round Case - 45 Auto 230 Grain Jacketed Hollow Point Winchester Ammo - USA45JHPSKU: USA45JHP - CaseAvailable Stock: 0 $229.50 Each FREE SHIPPING (price per round $0.46),0,229.5,0.46,500,230, USA45JHP - Case,2024-08-28 20:03:10.411217
0,50 Round Box - 45 Auto 230 Grain FMJ Sellier Bellot Brass Case Ammo - SB45ASKU: SB45AAvailable Stock: 160 $20.95 Each 20+ @ $19.99 Each (price per round $0.42),160,20.95,0.42,50,230, SB45A,2024-08-28 20:03:18.140674
1,1000 Round Case - 45 Auto 230 Grain FMJ Sellier Bellot Brass Case Ammo - SB45ASKU: SB45A - case Available Stock: 12 $399.80 Each FREE SHIPPING (price per round $0.40),12,399.8,0.4,1000,230, SB45A - case ,2024-08-28 20:03:18.140674
2,500 Round Can - 45 Auto 230 Grain FMJ Sellier Bellot Brass Case Ammo - SB45A - Packed in M19A1 CanisterSKU: SB45A-500ACAvailable Stock: 5 $219.95 Each FREE SHIPPING 2+ @ $209.95 Each (price per round $0.44),5,219.95,0.44,500,230, SB45A-500AC,2024-08-28 20:03:18.140674
3,1000 Round Can - 45 Auto 230 Grain FMJ Sellier Bellot Brass Case Ammo - SB45A - Packed in M2A1 CanisterSKU: SB45A-ACAvailable Stock: 10 $409.80 Each FREE SHIPPING (price per round $0.41),10,409.8,0.41,1000,230, SB45A-AC,2024-08-28 20:03:18.140674
4,50 Round Box - 45 Auto 230 Grain FMJ PMC Ammo - 45ASKU: pmc45a.50Available Stock: 66 $22.95 Each 20+ @ $20.95 Each (price per round $0.46),66,22.95,0.46,50,230, pmc45a.50,2024-08-28 20:03:18.140674
5,1000 Round Case - PMC 45 Auto 230 Grain FMJ Ammo - 45ASKU: pmc45aAvailable Stock: 8 $419.00 Each FREE SHIPPING (price per round $0.42),8,419.0,0.42,1000,230, pmc45a,2024-08-28 20:03:18.140674
6,350 Round Can - PMC 45 Auto 230 Grain FMJ Ammo - 45A - Packed in M19A1 CanisterSKU: PMC-45A-350ACAvailable Stock: 5 $170.95 Each (price per round $0.49),5,170.95,0.49,350,230, PMC-45A-350AC,2024-08-28 20:03:18.140674
7,100 Round Box - 45 Auto / ACP Winchester 230 Grain FMJ Ammo - USA45AVPSKU: USA45AVPAvailable Stock: 35 $45.95 Each 10+ @ $41.95 Each (price per round $0.46),35,45.95,0.46,100,230, USA45AVP,2024-08-28 20:03:18.140674
8,500 Round Case - 45 Auto / ACP Winchester 230 Grain FMJ Ammo - USA45AVPSKU: USA45AVP-500csAvailable Stock: 11 $219.75 Each FREE SHIPPING 2+ @ $209.75 Each (price per round $0.44),11,219.75,0.44,500,230, USA45AVP-500cs,2024-08-28 20:03:18.140674
9,50 Round Box - 45 Auto / ACP Winchester 230 Grain FMJ - Q4170SKU: q4170-50Available Stock: 113 $22.95 Each 20+ @ $20.95 Each (price per round $0.46),113,22.95,0.46,50,230, q4170-50,2024-08-28 20:03:18.140674
10,500 Round Case - 45 Auto / ACP Winchester 230 Grain FMJ Ammo - Q4170SKU: q4170-500Available Stock: 8 $219.50 Each FREE SHIPPING 2+ @ $209.50 Each (price per round $0.44),8,219.5,0.44,500,230, q4170-500,2024-08-28 20:03:18.140674
11,50 Round Box - 45 Auto 230 Grain Flat Nose FMJ Winchester Ammo - Red45SKU: Red45 - BoxAvailable Stock: 36 $24.95 Each 20+ @ $22.95 Each (price per round $0.50),36,24.95,0.5,50,230, Red45 - Box,2024-08-28 20:03:18.140674
12,500 Round Case - 45 Auto 230 Grain Flat Nose FMJ Winchester Ammo - Red45SKU: Red45 - CaseAvailable Stock: 8 $239.50 Each FREE SHIPPING 2+ @ $229.50 Each (price per round $0.48),8,239.5,0.48,500,230, Red45 - Case,2024-08-28 20:03:18.140674
13,1000 Rounds - 45 Auto 230 Grain Flat Nose FMJ Winchester Ammo - Red45SKU: Red45 - 2 CasesAvailable Stock: 13 $459.00 Each FREE SHIPPING (price per round $0.46),13,459.0,0.46,,230, Red45 - 2 Cases,2024-08-28 20:03:18.140674
14,50 Round Box - 45 Auto 230 Grain FMJ Encapsulated Winchester Super Suppressed Ammo - SUP45SKU: SUP45 - BoxAvailable Stock: 65 $24.95 Each 10+ @ $23.95 Each (price per round $0.50),65,24.95,0.5,50,230, SUP45 - Box,2024-08-28 20:03:18.140674
15,500 Round Case - 45 Auto 230 Grain FMJ Encapsulated Winchester Super Suppressed Ammo - SUP45SKU: SUP45 - CaseAvailable Stock: 11 $239.50 Each FREE SHIPPING 2+ @ $229.50 Each (price per round $0.48),11,239.5,0.48,500,230, SUP45 - Case,2024-08-28 20:03:18.140674
16,300 Round Can - 45 Auto 230 Grain FMJ Encapsulated Winchester Super Suppressed Ammo - SUP45 - Packed in M19A1 CanisterSKU: SUP45 - 300ACAvailable Stock: 4 $159.70 Each (price per round $0.53),4,159.7,0.53,300,230, SUP45 - 300AC,2024-08-28 20:03:18.140674
17,50 Round Box - 45 Auto 230 Grain FMJ CCI Blazer Brass Case Ammo - 5230SKU: 5230 Available Stock: 82 $22.95 Each 20+ @ $21.99 Each (price per round $0.46),82,22.95,0.46,50,230, 5230 ,2024-08-28 20:03:18.140674
18,1000 Round Case - 45 Auto 230 Grain FMJ CCI Blazer Brass Case Ammo - 5230 SKU: 5230 - caseAvailable Stock: 8 $439.80 Each FREE SHIPPING (price per round $0.44),8,439.8,0.44,1000,230, 5230 - case,2024-08-28 20:03:18.140674
19,350 Round Can - 45 Auto 230 Grain FMJ CCI Blazer Brass Case Ammo - 5230 - Packed in M19A1 CanisterSKU: 5230-350ACAvailable Stock: 9 $169.50 Each (price per round $0.48),9,169.5,0.48,350,230, 5230-350AC,2024-08-28 20:03:18.140674
20,700 Round Can - 45 Auto 230 Grain FMJ CCI Blazer Brass Case Ammo - 5230 - Packed in M2A1 CanisterSKU: 5230-700-ACAvailable Stock: 7 $319.50 Each FREE SHIPPING (price per round $0.46),7,319.5,0.46,700,230, 5230-700-AC,2024-08-28 20:03:18.140674
21,100 Round Box - 45 ACP - Auto Federal American Eagle 230 Grain FMJ Ammo - AE45A100SKU: AE45A100-100Available Stock: 34 $49.95 Each 5+ @ $43.95 Each (price per round $0.50),34,49.95,0.5,100,230, AE45A100-100,2024-08-28 20:03:18.140674
22,500 Round Case - 45 ACP - Auto Federal American Eagle 230 Grain FMJ Ammo - AE45A100SKU: AE45A100 - CaseAvailable Stock: 4 $219.75 Each FREE SHIPPING 2+ @ $209.75 Each (price per round $0.44),4,219.75,0.44,500,230, AE45A100 - Case,2024-08-28 20:03:18.140674
23,50 Round Box - 45 Auto 230 Grain JHP Hollow Point Ammo by Sellier Bellot - SB45CSKU: SB45C - BoxAvailable Stock: 65 $22.95 Each 20+ @ $21.95 Each (price per round $0.46),65,22.95,0.46,50,230, SB45C - Box,2024-08-28 20:03:18.140674
24,1000 Round Case - 45 Auto 230 Grain JHP Hollow Point Ammo by Sellier Bellot - SB45CSKU: SB45C - CaseAvailable Stock: 11 $439.00 Each FREE SHIPPING (price per round $0.44),11,439.0,0.44,1000,230, SB45C - Case,2024-08-28 20:03:18.140674
25,500 Round Can - 45 Auto 230 Grain JHP Hollow Point Ammo by Sellier Bellot - SB45C - Packed in M19A1 CanisterSKU: SB45C-500ACAvailable Stock: 10 $239.50 Each FREE SHIPPING 2+ @ $229.50 Each (price per round $0.48),10,239.5,0.48,500,230, SB45C-500AC,2024-08-28 20:03:18.140674
26,50 Round Box - 45 Auto / ACP PMC 185 Grain JHP Hollow Point Ammo - 45BSKU: PMC-45B-boxAvailable Stock: 77 $26.95 Each 20+ @ $25.95 Each (price per round $0.54),77,26.95,0.54,50,185, PMC-45B-box,2024-08-28 20:03:18.140674
27,1000 Round Case - 45 Auto / ACP PMC 185 Grain JHP Hollow Point Ammo - 45BSKU: PMC-45BAvailable Stock: 10 $519.00 Each FREE SHIPPING (price per round $0.52),10,519.0,0.52,1000,185, PMC-45B,2024-08-28 20:03:18.140674
28,350 Round Can - 45 Auto / ACP PMC 185 Grain JHP Hollow Point Ammo - 45B - Packed in M19A1 CanisterSKU: PMC-45B-350ACAvailable Stock: 8 $209.50 Each FREE SHIPPING (price per round $0.60),8,209.5,0.6,350,185, PMC-45B-350AC,2024-08-28 20:03:18.140674
29,50 Round Box - 45 Auto 185 Grain JHP Prvi Partizan Defense Line Ammo - PPD45SKU: PPD45 - BoxAvailable Stock: 46 $29.95 Each 10+ @ $28.95 Each (price per round $0.60),46,29.95,0.6,50,185, PPD45 - Box,2024-08-28 20:03:18.140674
30,500 Round Case - 45 Auto 185 Grain JHP Prvi Partizan Defense Line Ammo - PPD45SKU: PPD45 - CaseAvailable Stock: 5 $289.50 Each FREE SHIPPING (price per round $0.58),5,289.5,0.58,500,185, PPD45 - Case,2024-08-28 20:03:18.140674
31,50 Round Box - 45 Auto +P Federal HST 230 Grain HP Hollow Point LE Ammo - P45HST1SKU: p45hst1Available Stock: 61 $39.95 Each 20+ @ $34.95 Each (price per round $0.80),61,39.95,0.8,50,230, p45hst1,2024-08-28 20:03:18.140674
32,1000 Round Case - 45 Auto +P Federal HST 230 Grain HP Hollow Point LE Ammo - P45HST1 SKU: p45hst1-1000Available Stock: 5 $699.00 Each FREE SHIPPING (price per round $0.70),5,699.0,0.7,1000,230, p45hst1-1000,2024-08-28 20:03:18.140674
33,350 Round Can - 45 Auto +P Federal HST 230 Grain HP Hollow Point LE Ammo - P45HST1 - Packed in M19A1 CanisterSKU: P45HST1 - 350ACAvailable Stock: 8 $279.50 Each FREE SHIPPING (price per round $0.80),8,279.5,0.8,350,230, P45HST1 - 350AC,2024-08-28 20:03:18.140674
34,50 Round Box - 45 Auto Federal HST 230 Grain HP Hollow Point LE Ammo - P45HST2 SKU: p45hst2Available Stock: 67 $39.95 Each 20+ @ $34.95 Each (price per round $0.80),67,39.95,0.8,50,230, p45hst2,2024-08-28 20:03:18.140674
35,1000 Round Case - 45 Auto Federal HST 230 Grain HP Hollow Point LE Ammo - P45HST2SKU: p45hst2-1000Available Stock: 9 $699.00 Each FREE SHIPPING (price per round $0.70),9,699.0,0.7,1000,230, p45hst2-1000,2024-08-28 20:03:18.140674
36,350 Round Can - 45 Auto Federal HST 230 Grain HP Hollow Point LE Ammo - P45HST2 - Packed in M19A1 CanisterSKU: P45HST2 - 350ACAvailable Stock: 6 $279.50 Each FREE SHIPPING (price per round $0.80),6,279.5,0.8,350,230, P45HST2 - 350AC,2024-08-28 20:03:18.140674
37,50 Round Box - 45 Auto / ACP Federal Hydra Shok 230 Grain JHP Ammo - P45HS1GSKU: P45HS1GAvailable Stock: 71 $44.95 Each 20+ @ $39.95 Each (price per round $0.90),71,44.95,0.9,50,230, P45HS1G,2024-08-28 20:03:18.140674
38,1000 Round Case - 45 Auto / ACP Federal Hydrashok 230 Grain JHP Ammo - P45HS1GSKU: P45HS1G-1000Available Stock: 4 $799.00 Each FREE SHIPPING (price per round $0.80),4,799.0,0.8,1000,230, P45HS1G-1000,2024-08-28 20:03:18.140674
39,350 Round Can - 45 Auto / ACP Federal Hydrashok 230 Grain JHP Ammo - P45HS1G - Packed in M19A1 CanisterSKU: P45HS1G - 350ACAvailable Stock: 7 $309.50 Each FREE SHIPPING (price per round $0.88),7,309.5,0.88,350,230, P45HS1G - 350AC,2024-08-28 20:03:18.140674
40,50 Round Box - 45 Auto 230 Grain Winchester Ranger T-series Ammo - RA45TSKU: RA45TAvailable Stock: 52 $39.95 Each 10+ @ $38.95 Each (price per round $0.80),52,39.95,0.8,50,230, RA45T,2024-08-28 20:03:18.140674
41,500 Round Case - 45 Auto 230 Grain T-Series Winchester Ranger Hollow Point Ammo - RA45TSKU: RA45T-500Available Stock: 11 $389.50 Each FREE SHIPPING (price per round $0.78),11,389.5,0.78,500,230, RA45T-500,2024-08-28 20:03:18.140674
42,50 Round Box - 45 Auto +P 230 Grain Ranger T-Series Winchester - RA45TPSKU: ra45tp-50Available Stock: 72 $39.95 Each 10+ @ $38.95 Each (price per round $0.80),72,39.95,0.8,50,230, ra45tp-50,2024-08-28 20:03:18.140674
43,500 Round Case - 45 Auto +P 230 Grain Ranger T-Series Winchester - RA45TPSKU: ra45tp-500Available Stock: 6 $389.50 Each FREE SHIPPING (price per round $0.78),6,389.5,0.78,500,230, ra45tp-500,2024-08-28 20:03:18.140674
44,50 Round Box - 45 Auto 230 Grain Bonded Hollow Point Winchester Ranger Ammo - RA45BSKU: ra45b-50Available Stock: 67 $55.95 Each 10+ @ $54.95 Each (price per round $1.12),67,55.95,1.12,50,230, ra45b-50,2024-08-28 20:03:18.140674
45,500 Round Case - 45 Auto 230 Grain Bonded Hollow Point Winchester Ranger Ammo - RA45BSKU: ra45b-500Available Stock: 3 $549.50 Each FREE SHIPPING (price per round $1.10),3,549.5,1.1,500,230, ra45b-500,2024-08-28 20:03:18.140674
46,20 Round Box - 45 Auto 185 Grain Defense JHP Winchester Silvertip Ammo - W45ASTSKU: W45AST - BoxAvailable Stock: 64 $22.95 Each 10+ @ $21.95 Each (price per round $1.15),64,22.95,1.15,20,185, W45AST - Box,2024-08-28 20:03:18.140674
47,200 Round Case - 45 Auto 185 Grain Defense JHP Winchester Silvertip Ammo - W45ASTSKU: W45AST - CaseAvailable Stock: 9 $219.50 Each FREE SHIPPING (price per round $1.10),9,219.5,1.1,200,185, W45AST - Case,2024-08-28 20:03:18.140674
48,20 Round Box - 45 Auto 230 Grain Bonded PDX1 Hollow Point Ammo - S45PDBSKU: S45PDBAvailable Stock: 65 $30.95 Each 10+ @ $29.95 Each (price per round $1.55),65,30.95,1.55,20,230, S45PDB,2024-08-28 20:03:18.140674
49,200 Round Case - 45 Auto 230 Grain Bonded PDX1 Hollow Point Ammo - S45PDBSKU: S45PDB - CaseAvailable Stock: 11 $299.50 Each FREE SHIPPING (price per round $1.50),11,299.5,1.5,200,230, S45PDB - Case,2024-08-28 20:03:18.140674
50,20 Round Box - 45 Auto 185 Grain XTP Hornady American Gunner Ammo - 90904SKU: 90904 - BoxAvailable Stock: 68 $19.95 Each 10+ @ $18.95 Each (price per round $1.00),68,19.95,1.0,20,185, 90904 - Box,2024-08-28 20:03:18.140674
51,200 Round Case - 45 Auto 185 Grain XTP Hornady American Gunner Ammo - 90904SKU: 90904 - CaseAvailable Stock: 11 $189.50 Each (price per round $0.95),11,189.5,0.95,200,185, 90904 - Case,2024-08-28 20:03:18.140674
52,20 Round Box - 45 Auto Hornady Critical Defense 185 Grain Hollow Point Ammo - 90900SKU: HA45CD185Available Stock: 67 $27.95 Each 10+ @ $26.95 Each (price per round $1.40),67,27.95,1.4,20,185, HA45CD185,2024-08-28 20:03:18.140674
53,200 Round Case - 45 Auto Critical Defense 185 Grain Hollow Point Ammo - 90900SKU: HA45CD185-200Available Stock: 11 $269.50 Each FREE SHIPPING (price per round $1.35),11,269.5,1.35,200,185, HA45CD185-200,2024-08-28 20:03:18.140674
54,20 Round Box - 45 Auto 200 Grain XTP Hollow Point Hornady Custom Ammo - 9112SKU: 9112Available Stock: 108 $22.95 Each 10+ @ $21.95 Each (price per round $1.15),108,22.95,1.15,20,200, 9112,2024-08-28 20:03:18.140674
55,200 Round Case - 45 Auto 200 Grain XTP Hollow Point Hornady Custom Ammo - 9112SKU: 9112 - caseAvailable Stock: 6 $219.50 Each FREE SHIPPING (price per round $1.10),6,219.5,1.1,200,200, 9112 - case,2024-08-28 20:03:18.140674
56,20 Round Box - 45 Auto +P 230 Grain XTP Hornady Ammo - 9096SKU: 9096Available Stock: 60 $24.95 Each 10+ @ $23.95 Each (price per round $1.25),60,24.95,1.25,20,230, 9096,2024-08-28 20:03:18.140674
57,200 Round Case - 45 Auto +P 230 Grain XTP Hornady Ammo - 9096SKU: 9096-caseAvailable Stock: 9 $239.50 Each FREE SHIPPING (price per round $1.20),9,239.5,1.2,200,230, 9096-case,2024-08-28 20:03:18.140674
58,20 Round Box - 45 Auto 220 Grain +P Hornady Critical Duty Ammo - 90926SKU: 90926 Available Stock: 48 $29.95 Each 10+ @ $28.95 Each (price per round $1.50),48,29.95,1.5,20,220, 90926 ,2024-08-28 20:03:18.140674
59,200 Round Case - 45 Auto 220 Grain +P Hornady Critical Duty Ammo - 90926SKU: 90926 - caseAvailable Stock: 8 $289.50 Each FREE SHIPPING (price per round $1.45),8,289.5,1.45,200,220, 90926 - case,2024-08-28 20:03:18.140674
60,20 Round Box - 45 Auto 230 Grain XTP Subsonic Hornady Ammo - 90971SKU: 90971 - BoxAvailable Stock: 48 $26.95 Each 10+ @ $25.95 Each (price per round $1.35),48,26.95,1.35,20,230, 90971 - Box,2024-08-28 20:03:18.140674
61,200 Round Case - 45 Auto 230 Grain XTP Subsonic Hornady Ammo - 90971SKU: 90971 - CaseAvailable Stock: 3 $259.50 Each FREE SHIPPING (price per round $1.30),3,259.5,1.3,200,230, 90971 - Case,2024-08-28 20:03:18.140674
62,20 Round Box - 45 Auto 200 Grain Winchester USA Ready Defense Ammo - RED45HPSKU: RED45HP - BoxAvailable Stock: 170 $18.95 Each 10+ @ $17.95 Each (price per round $0.95),170,18.95,0.95,20,200, RED45HP - Box,2024-08-28 20:03:18.140674
63,200 Round Case - 45 Auto 200 Grain Winchester USA Ready Defense Ammo - RED45HPSKU: RED45HP - CaseAvailable Stock: 11 $179.50 Each (price per round $0.90),11,179.5,0.9,200,200, RED45HP - Case,2024-08-28 20:03:18.140674
64,25 Round Box - 45 Auto 165 Grain Sellier Bellot XRG Hollow Point Defense Ammo - SB45XASKU: SB45XA - BoxAvailable Stock: 27 $17.95 Each 10+ @ $15.95 Each (price per round $0.72),27,17.95,0.72,25,165, SB45XA - Box,2024-08-28 20:03:18.140674
65,20 Round Box - 45 Auto 230 Grain Hollow Point Remington Ultimate Defense - HD45APBNSKU: HD45APBNAvailable Stock: 50 $14.95 Each 25+ @ $13.95 Each (price per round $0.75),50,14.95,0.75,20,230, HD45APBN,2024-08-28 20:03:18.140674
66,500 Round Case - 45 Auto 230 Grain Hollow Point Remington Ultimate Defense - HD45APBNSKU: HD45APBN - BoxAvailable Stock: 4 $348.75 Each FREE SHIPPING (price per round $0.70),4,348.75,0.7,500,230, HD45APBN - Box,2024-08-28 20:03:18.140674
67,20 Round Box - 45 Auto +P 185 Grain DPX Hollow Point Corbon Ammo - DPX45185/20SKU: DPX45185/20 - boxAvailable Stock: 182 $21.95 Each 10+ @ $20.95 Each (price per round $1.10),182,21.95,1.1,20,185, DPX45185/20 - box,2024-08-28 20:03:18.140674
68,50 Round Box - 45 Auto 230 Grain FMJ Federal Gold Medal Match Ammo - GM45ASKU: GM45A - BoxAvailable Stock: 7 $39.95 Each 10+ @ $38.95 Each (price per round $0.80),7,39.95,0.8,50,230, GM45A - Box,2024-08-28 20:03:18.140674
69,50 Round Box - 45 Auto 185 Grain FMJ Semi-Wadcutter Federal Gold Medal Match Ammo - GM45BSKU: GM45B - BoxAvailable Stock: 1 $39.95 Each 10+ @ $38.95 Each (price per round $0.80),1,39.95,0.8,50,185, GM45B - Box,2024-08-28 20:03:18.140674
70,50 Round Box - 45 Auto 185 Grain Remington Golden Saber BJHP Hollow Point Ammo - GS45APABSKU: GS45APAB - boxAvailable Stock: 88 $36.95 Each 10+ @ $35.95 Each (price per round $0.74),88,36.95,0.74,50,185, GS45APAB - box,2024-08-28 20:03:18.140674
71,500 Round Case - 45 Auto 185 Grain Remington Golden Saber BJHP Hollow Point Ammo - GS45APABSKU: GS45APAB - caseAvailable Stock: 8 $359.50 Each FREE SHIPPING (price per round $0.72),8,359.5,0.72,500,185, GS45APAB - case,2024-08-28 20:03:18.140674
72,50 Round Box - 45 Auto +P 185 Grain Remington Golden Saber BJHP Hollow Point Ammo - GS45APCBSKU: GS45APCB - boxAvailable Stock: 70 $36.95 Each 10+ @ $35.95 Each (price per round $0.74),70,36.95,0.74,50,185, GS45APCB - box,2024-08-28 20:03:18.140674
73,500 Round Case - 45 Auto +P 185 Grain Remington Golden Saber BJHP Hollow Point Ammo - GS45APCBSKU: GS45APCB - caseAvailable Stock: 7 $359.50 Each FREE SHIPPING (price per round $0.72),7,359.5,0.72,500,185, GS45APCB - case,2024-08-28 20:03:18.140674
74,200 Round Plastic Can - 45 Auto +P 185 Grain Remington Golden Saber BJHP Hollow Point Ammo - GS45APCB - Packed in Small Plastic CanSKU: GS45APCB - 200PCAvailable Stock: 6 $169.95 Each (price per round $0.85),6,169.95,0.85,200,185, GS45APCB - 200PC,2024-08-28 20:03:18.140674
75,50 Round Box - 45 ACP / Auto Remington Golden Saber 230 Grain BJHP Ammo - GS45APBBSKU: GS45APBB - boxAvailable Stock: 37 $36.95 Each 10+ @ $35.95 Each (price per round $0.74),37,36.95,0.74,50,230, GS45APBB - box,2024-08-28 20:03:18.140674
76,500 Round Case - 45 ACP / Auto Remington Golden Saber 230 Grain BJHP Ammo - GS45APBBSKU: GS45APBB - caseAvailable Stock: 10 $359.50 Each FREE SHIPPING (price per round $0.72),10,359.5,0.72,500,230, GS45APBB - case,2024-08-28 20:03:18.140674
77,50 Round Box - Speer Gold Dot 45 Auto +P 200 Grain GDHP Ammo - 53969 SKU: 53969Available Stock: 59 $39.95 Each 20+ @ $38.95 Each (price per round $0.80),59,39.95,0.8,50,200, 53969,2024-08-28 20:03:18.140674
78,1000 Round Case - Speer Gold Dot 45 Auto +P 200 Grain GDHP Ammo - 53969 SKU: 53969-1000Available Stock: 6 $779.00 Each FREE SHIPPING (price per round $0.78),6,779.0,0.78,1000,200, 53969-1000,2024-08-28 20:03:18.140674
79,50 Round Box - 45 Auto +P 230 Grain Speer Gold Dot G2 Duty Ammo - 54256SKU: 54256 - BoxAvailable Stock: 159 $45.95 Each 20+ @ $44.95 Each (price per round $0.92),159,45.95,0.92,50,230, 54256 - Box,2024-08-28 20:03:18.140674
80,20 Round Box - 45 Auto +P 230 Grain Jacketed Hollow Point Federal HST Ammo - P45HST1SSKU: P45HST1S - BoxAvailable Stock: 66 $29.95 Each 10+ @ $28.95 Each (price per round $1.50),66,29.95,1.5,20,230, P45HST1S - Box,2024-08-28 20:03:18.140674
81,200 Round Case - 45 Auto +P 230 Grain Jacketed Hollow Point Federal HST Ammo - P45HST1SSKU: P45HST1S - CaseAvailable Stock: 4 $289.50 Each FREE SHIPPING (price per round $1.45),4,289.5,1.45,200,230, P45HST1S - Case,2024-08-28 20:03:18.140674
82,20 Round Box - 45 Auto 230 Grain Punch Jacketed Hollow Point Federal Personal Defense Ammo - PD45P1SKU: PD45P1 - BoxAvailable Stock: 37 $21.95 Each 10+ @ $20.95 Each (price per round $1.10),37,21.95,1.1,20,230, PD45P1 - Box,2024-08-28 20:03:18.140674
83,200 Round Case - 45 Auto 230 Grain Punch Jacketed Hollow Point Federal Personal Defense Ammo - PD45P1SKU: PD45P1 - CaseAvailable Stock: 5 $209.50 Each FREE SHIPPING (price per round $1.05),5,209.5,1.05,200,230, PD45P1 - Case,2024-08-28 20:03:18.140674
84,20 Round Box - 45 Auto +P 200 Grain Speer Gold Dot Carry Gun Ammo - 24258SKU: 24258 - BoxAvailable Stock: 85 $30.95 Each 10+ @ $29.95 Each (price per round $1.55),85,30.95,1.55,20,200, 24258 - Box,2024-08-28 20:03:18.140674
85,200 Round Case - 45 Auto +P 200 Grain Speer Gold Dot Carry Gun Ammo - 24258SKU: 24258 - CaseAvailable Stock: 10 $299.50 Each FREE SHIPPING (price per round $1.50),10,299.5,1.5,200,200, 24258 - Case,2024-08-28 20:03:18.140674
86,500 Round Case - 45 Auto 230 Grain Jacketed Hollow Point Winchester Ammo - USA45JHPSKU: USA45JHP - CaseAvailable Stock: 0 $229.50 Each FREE SHIPPING (price per round $0.46),0,229.5,0.46,500,230, USA45JHP - Case,2024-08-28 20:03:18.140674
0,50 Round Box - 45 Auto 230 Grain FMJ Sellier Bellot Brass Case Ammo - SB45ASKU: SB45AAvailable Stock: 160 $20.95 Each 20+ @ $19.99 Each (price per round $0.42),160,20.95,0.42,50,230, SB45A,2024-08-28 20:05:24.196906
1,1000 Round Case - 45 Auto 230 Grain FMJ Sellier Bellot Brass Case Ammo - SB45ASKU: SB45A - case Available Stock: 12 $399.80 Each FREE SHIPPING (price per round $0.40),12,399.8,0.4,1000,230, SB45A - case ,2024-08-28 20:05:24.196906
2,500 Round Can - 45 Auto 230 Grain FMJ Sellier Bellot Brass Case Ammo - SB45A - Packed in M19A1 CanisterSKU: SB45A-500ACAvailable Stock: 5 $219.95 Each FREE SHIPPING 2+ @ $209.95 Each (price per round $0.44),5,219.95,0.44,500,230, SB45A-500AC,2024-08-28 20:05:24.196906
3,1000 Round Can - 45 Auto 230 Grain FMJ Sellier Bellot Brass Case Ammo - SB45A - Packed in M2A1 CanisterSKU: SB45A-ACAvailable Stock: 10 $409.80 Each FREE SHIPPING (price per round $0.41),10,409.8,0.41,1000,230, SB45A-AC,2024-08-28 20:05:24.196906
4,50 Round Box - 45 Auto 230 Grain FMJ PMC Ammo - 45ASKU: pmc45a.50Available Stock: 66 $22.95 Each 20+ @ $20.95 Each (price per round $0.46),66,22.95,0.46,50,230, pmc45a.50,2024-08-28 20:05:24.196906
5,1000 Round Case - PMC 45 Auto 230 Grain FMJ Ammo - 45ASKU: pmc45aAvailable Stock: 8 $419.00 Each FREE SHIPPING (price per round $0.42),8,419.0,0.42,1000,230, pmc45a,2024-08-28 20:05:24.196906
6,350 Round Can - PMC 45 Auto 230 Grain FMJ Ammo - 45A - Packed in M19A1 CanisterSKU: PMC-45A-350ACAvailable Stock: 5 $170.95 Each (price per round $0.49),5,170.95,0.49,350,230, PMC-45A-350AC,2024-08-28 20:05:24.196906
7,100 Round Box - 45 Auto / ACP Winchester 230 Grain FMJ Ammo - USA45AVPSKU: USA45AVPAvailable Stock: 35 $45.95 Each 10+ @ $41.95 Each (price per round $0.46),35,45.95,0.46,100,230, USA45AVP,2024-08-28 20:05:24.196906
8,500 Round Case - 45 Auto / ACP Winchester 230 Grain FMJ Ammo - USA45AVPSKU: USA45AVP-500csAvailable Stock: 11 $219.75 Each FREE SHIPPING 2+ @ $209.75 Each (price per round $0.44),11,219.75,0.44,500,230, USA45AVP-500cs,2024-08-28 20:05:24.196906
9,50 Round Box - 45 Auto / ACP Winchester 230 Grain FMJ - Q4170SKU: q4170-50Available Stock: 113 $22.95 Each 20+ @ $20.95 Each (price per round $0.46),113,22.95,0.46,50,230, q4170-50,2024-08-28 20:05:24.196906
10,500 Round Case - 45 Auto / ACP Winchester 230 Grain FMJ Ammo - Q4170SKU: q4170-500Available Stock: 8 $219.50 Each FREE SHIPPING 2+ @ $209.50 Each (price per round $0.44),8,219.5,0.44,500,230, q4170-500,2024-08-28 20:05:24.196906
11,50 Round Box - 45 Auto 230 Grain Flat Nose FMJ Winchester Ammo - Red45SKU: Red45 - BoxAvailable Stock: 36 $24.95 Each 20+ @ $22.95 Each (price per round $0.50),36,24.95,0.5,50,230, Red45 - Box,2024-08-28 20:05:24.196906
12,500 Round Case - 45 Auto 230 Grain Flat Nose FMJ Winchester Ammo - Red45SKU: Red45 - CaseAvailable Stock: 8 $239.50 Each FREE SHIPPING 2+ @ $229.50 Each (price per round $0.48),8,239.5,0.48,500,230, Red45 - Case,2024-08-28 20:05:24.196906
13,1000 Rounds - 45 Auto 230 Grain Flat Nose FMJ Winchester Ammo - Red45SKU: Red45 - 2 CasesAvailable Stock: 13 $459.00 Each FREE SHIPPING (price per round $0.46),13,459.0,0.46,,230, Red45 - 2 Cases,2024-08-28 20:05:24.196906
14,50 Round Box - 45 Auto 230 Grain FMJ Encapsulated Winchester Super Suppressed Ammo - SUP45SKU: SUP45 - BoxAvailable Stock: 65 $24.95 Each 10+ @ $23.95 Each (price per round $0.50),65,24.95,0.5,50,230, SUP45 - Box,2024-08-28 20:05:24.196906
15,500 Round Case - 45 Auto 230 Grain FMJ Encapsulated Winchester Super Suppressed Ammo - SUP45SKU: SUP45 - CaseAvailable Stock: 11 $239.50 Each FREE SHIPPING 2+ @ $229.50 Each (price per round $0.48),11,239.5,0.48,500,230, SUP45 - Case,2024-08-28 20:05:24.196906
16,300 Round Can - 45 Auto 230 Grain FMJ Encapsulated Winchester Super Suppressed Ammo - SUP45 - Packed in M19A1 CanisterSKU: SUP45 - 300ACAvailable Stock: 4 $159.70 Each (price per round $0.53),4,159.7,0.53,300,230, SUP45 - 300AC,2024-08-28 20:05:24.196906
17,50 Round Box - 45 Auto 230 Grain FMJ CCI Blazer Brass Case Ammo - 5230SKU: 5230 Available Stock: 82 $22.95 Each 20+ @ $21.99 Each (price per round $0.46),82,22.95,0.46,50,230, 5230 ,2024-08-28 20:05:24.196906
18,1000 Round Case - 45 Auto 230 Grain FMJ CCI Blazer Brass Case Ammo - 5230 SKU: 5230 - caseAvailable Stock: 8 $439.80 Each FREE SHIPPING (price per round $0.44),8,439.8,0.44,1000,230, 5230 - case,2024-08-28 20:05:24.196906
19,350 Round Can - 45 Auto 230 Grain FMJ CCI Blazer Brass Case Ammo - 5230 - Packed in M19A1 CanisterSKU: 5230-350ACAvailable Stock: 9 $169.50 Each (price per round $0.48),9,169.5,0.48,350,230, 5230-350AC,2024-08-28 20:05:24.196906
20,700 Round Can - 45 Auto 230 Grain FMJ CCI Blazer Brass Case Ammo - 5230 - Packed in M2A1 CanisterSKU: 5230-700-ACAvailable Stock: 7 $319.50 Each FREE SHIPPING (price per round $0.46),7,319.5,0.46,700,230, 5230-700-AC,2024-08-28 20:05:24.196906
21,100 Round Box - 45 ACP - Auto Federal American Eagle 230 Grain FMJ Ammo - AE45A100SKU: AE45A100-100Available Stock: 34 $49.95 Each 5+ @ $43.95 Each (price per round $0.50),34,49.95,0.5,100,230, AE45A100-100,2024-08-28 20:05:24.196906
22,500 Round Case - 45 ACP - Auto Federal American Eagle 230 Grain FMJ Ammo - AE45A100SKU: AE45A100 - CaseAvailable Stock: 4 $219.75 Each FREE SHIPPING 2+ @ $209.75 Each (price per round $0.44),4,219.75,0.44,500,230, AE45A100 - Case,2024-08-28 20:05:24.196906
23,50 Round Box - 45 Auto 230 Grain JHP Hollow Point Ammo by Sellier Bellot - SB45CSKU: SB45C - BoxAvailable Stock: 65 $22.95 Each 20+ @ $21.95 Each (price per round $0.46),65,22.95,0.46,50,230, SB45C - Box,2024-08-28 20:05:24.196906
24,1000 Round Case - 45 Auto 230 Grain JHP Hollow Point Ammo by Sellier Bellot - SB45CSKU: SB45C - CaseAvailable Stock: 11 $439.00 Each FREE SHIPPING (price per round $0.44),11,439.0,0.44,1000,230, SB45C - Case,2024-08-28 20:05:24.196906
25,500 Round Can - 45 Auto 230 Grain JHP Hollow Point Ammo by Sellier Bellot - SB45C - Packed in M19A1 CanisterSKU: SB45C-500ACAvailable Stock: 10 $239.50 Each FREE SHIPPING 2+ @ $229.50 Each (price per round $0.48),10,239.5,0.48,500,230, SB45C-500AC,2024-08-28 20:05:24.196906
26,50 Round Box - 45 Auto / ACP PMC 185 Grain JHP Hollow Point Ammo - 45BSKU: PMC-45B-boxAvailable Stock: 77 $26.95 Each 20+ @ $25.95 Each (price per round $0.54),77,26.95,0.54,50,185, PMC-45B-box,2024-08-28 20:05:24.196906
27,1000 Round Case - 45 Auto / ACP PMC 185 Grain JHP Hollow Point Ammo - 45BSKU: PMC-45BAvailable Stock: 10 $519.00 Each FREE SHIPPING (price per round $0.52),10,519.0,0.52,1000,185, PMC-45B,2024-08-28 20:05:24.196906
28,350 Round Can - 45 Auto / ACP PMC 185 Grain JHP Hollow Point Ammo - 45B - Packed in M19A1 CanisterSKU: PMC-45B-350ACAvailable Stock: 8 $209.50 Each FREE SHIPPING (price per round $0.60),8,209.5,0.6,350,185, PMC-45B-350AC,2024-08-28 20:05:24.196906
29,50 Round Box - 45 Auto 185 Grain JHP Prvi Partizan Defense Line Ammo - PPD45SKU: PPD45 - BoxAvailable Stock: 46 $29.95 Each 10+ @ $28.95 Each (price per round $0.60),46,29.95,0.6,50,185, PPD45 - Box,2024-08-28 20:05:24.196906
30,500 Round Case - 45 Auto 185 Grain JHP Prvi Partizan Defense Line Ammo - PPD45SKU: PPD45 - CaseAvailable Stock: 5 $289.50 Each FREE SHIPPING (price per round $0.58),5,289.5,0.58,500,185, PPD45 - Case,2024-08-28 20:05:24.196906
31,50 Round Box - 45 Auto +P Federal HST 230 Grain HP Hollow Point LE Ammo - P45HST1SKU: p45hst1Available Stock: 61 $39.95 Each 20+ @ $34.95 Each (price per round $0.80),61,39.95,0.8,50,230, p45hst1,2024-08-28 20:05:24.196906
32,1000 Round Case - 45 Auto +P Federal HST 230 Grain HP Hollow Point LE Ammo - P45HST1 SKU: p45hst1-1000Available Stock: 5 $699.00 Each FREE SHIPPING (price per round $0.70),5,699.0,0.7,1000,230, p45hst1-1000,2024-08-28 20:05:24.196906
33,350 Round Can - 45 Auto +P Federal HST 230 Grain HP Hollow Point LE Ammo - P45HST1 - Packed in M19A1 CanisterSKU: P45HST1 - 350ACAvailable Stock: 8 $279.50 Each FREE SHIPPING (price per round $0.80),8,279.5,0.8,350,230, P45HST1 - 350AC,2024-08-28 20:05:24.196906
34,50 Round Box - 45 Auto Federal HST 230 Grain HP Hollow Point LE Ammo - P45HST2 SKU: p45hst2Available Stock: 67 $39.95 Each 20+ @ $34.95 Each (price per round $0.80),67,39.95,0.8,50,230, p45hst2,2024-08-28 20:05:24.196906
35,1000 Round Case - 45 Auto Federal HST 230 Grain HP Hollow Point LE Ammo - P45HST2SKU: p45hst2-1000Available Stock: 9 $699.00 Each FREE SHIPPING (price per round $0.70),9,699.0,0.7,1000,230, p45hst2-1000,2024-08-28 20:05:24.196906
36,350 Round Can - 45 Auto Federal HST 230 Grain HP Hollow Point LE Ammo - P45HST2 - Packed in M19A1 CanisterSKU: P45HST2 - 350ACAvailable Stock: 6 $279.50 Each FREE SHIPPING (price per round $0.80),6,279.5,0.8,350,230, P45HST2 - 350AC,2024-08-28 20:05:24.196906
37,50 Round Box - 45 Auto / ACP Federal Hydra Shok 230 Grain JHP Ammo - P45HS1GSKU: P45HS1GAvailable Stock: 71 $44.95 Each 20+ @ $39.95 Each (price per round $0.90),71,44.95,0.9,50,230, P45HS1G,2024-08-28 20:05:24.196906
38,1000 Round Case - 45 Auto / ACP Federal Hydrashok 230 Grain JHP Ammo - P45HS1GSKU: P45HS1G-1000Available Stock: 4 $799.00 Each FREE SHIPPING (price per round $0.80),4,799.0,0.8,1000,230, P45HS1G-1000,2024-08-28 20:05:24.196906
39,350 Round Can - 45 Auto / ACP Federal Hydrashok 230 Grain JHP Ammo - P45HS1G - Packed in M19A1 CanisterSKU: P45HS1G - 350ACAvailable Stock: 7 $309.50 Each FREE SHIPPING (price per round $0.88),7,309.5,0.88,350,230, P45HS1G - 350AC,2024-08-28 20:05:24.196906
40,50 Round Box - 45 Auto 230 Grain Winchester Ranger T-series Ammo - RA45TSKU: RA45TAvailable Stock: 52 $39.95 Each 10+ @ $38.95 Each (price per round $0.80),52,39.95,0.8,50,230, RA45T,2024-08-28 20:05:24.196906
41,500 Round Case - 45 Auto 230 Grain T-Series Winchester Ranger Hollow Point Ammo - RA45TSKU: RA45T-500Available Stock: 11 $389.50 Each FREE SHIPPING (price per round $0.78),11,389.5,0.78,500,230, RA45T-500,2024-08-28 20:05:24.196906
42,50 Round Box - 45 Auto +P 230 Grain Ranger T-Series Winchester - RA45TPSKU: ra45tp-50Available Stock: 72 $39.95 Each 10+ @ $38.95 Each (price per round $0.80),72,39.95,0.8,50,230, ra45tp-50,2024-08-28 20:05:24.196906
43,500 Round Case - 45 Auto +P 230 Grain Ranger T-Series Winchester - RA45TPSKU: ra45tp-500Available Stock: 6 $389.50 Each FREE SHIPPING (price per round $0.78),6,389.5,0.78,500,230, ra45tp-500,2024-08-28 20:05:24.196906
44,50 Round Box - 45 Auto 230 Grain Bonded Hollow Point Winchester Ranger Ammo - RA45BSKU: ra45b-50Available Stock: 67 $55.95 Each 10+ @ $54.95 Each (price per round $1.12),67,55.95,1.12,50,230, ra45b-50,2024-08-28 20:05:24.196906
45,500 Round Case - 45 Auto 230 Grain Bonded Hollow Point Winchester Ranger Ammo - RA45BSKU: ra45b-500Available Stock: 3 $549.50 Each FREE SHIPPING (price per round $1.10),3,549.5,1.1,500,230, ra45b-500,2024-08-28 20:05:24.196906
46,20 Round Box - 45 Auto 185 Grain Defense JHP Winchester Silvertip Ammo - W45ASTSKU: W45AST - BoxAvailable Stock: 64 $22.95 Each 10+ @ $21.95 Each (price per round $1.15),64,22.95,1.15,20,185, W45AST - Box,2024-08-28 20:05:24.196906
47,200 Round Case - 45 Auto 185 Grain Defense JHP Winchester Silvertip Ammo - W45ASTSKU: W45AST - CaseAvailable Stock: 9 $219.50 Each FREE SHIPPING (price per round $1.10),9,219.5,1.1,200,185, W45AST - Case,2024-08-28 20:05:24.196906
48,20 Round Box - 45 Auto 230 Grain Bonded PDX1 Hollow Point Ammo - S45PDBSKU: S45PDBAvailable Stock: 65 $30.95 Each 10+ @ $29.95 Each (price per round $1.55),65,30.95,1.55,20,230, S45PDB,2024-08-28 20:05:24.196906
49,200 Round Case - 45 Auto 230 Grain Bonded PDX1 Hollow Point Ammo - S45PDBSKU: S45PDB - CaseAvailable Stock: 11 $299.50 Each FREE SHIPPING (price per round $1.50),11,299.5,1.5,200,230, S45PDB - Case,2024-08-28 20:05:24.196906
50,20 Round Box - 45 Auto 185 Grain XTP Hornady American Gunner Ammo - 90904SKU: 90904 - BoxAvailable Stock: 68 $19.95 Each 10+ @ $18.95 Each (price per round $1.00),68,19.95,1.0,20,185, 90904 - Box,2024-08-28 20:05:24.196906
51,200 Round Case - 45 Auto 185 Grain XTP Hornady American Gunner Ammo - 90904SKU: 90904 - CaseAvailable Stock: 11 $189.50 Each (price per round $0.95),11,189.5,0.95,200,185, 90904 - Case,2024-08-28 20:05:24.196906
52,20 Round Box - 45 Auto Hornady Critical Defense 185 Grain Hollow Point Ammo - 90900SKU: HA45CD185Available Stock: 67 $27.95 Each 10+ @ $26.95 Each (price per round $1.40),67,27.95,1.4,20,185, HA45CD185,2024-08-28 20:05:24.196906
53,200 Round Case - 45 Auto Critical Defense 185 Grain Hollow Point Ammo - 90900SKU: HA45CD185-200Available Stock: 11 $269.50 Each FREE SHIPPING (price per round $1.35),11,269.5,1.35,200,185, HA45CD185-200,2024-08-28 20:05:24.196906
54,20 Round Box - 45 Auto 200 Grain XTP Hollow Point Hornady Custom Ammo - 9112SKU: 9112Available Stock: 108 $22.95 Each 10+ @ $21.95 Each (price per round $1.15),108,22.95,1.15,20,200, 9112,2024-08-28 20:05:24.196906
55,200 Round Case - 45 Auto 200 Grain XTP Hollow Point Hornady Custom Ammo - 9112SKU: 9112 - caseAvailable Stock: 6 $219.50 Each FREE SHIPPING (price per round $1.10),6,219.5,1.1,200,200, 9112 - case,2024-08-28 20:05:24.196906
56,20 Round Box - 45 Auto +P 230 Grain XTP Hornady Ammo - 9096SKU: 9096Available Stock: 60 $24.95 Each 10+ @ $23.95 Each (price per round $1.25),60,24.95,1.25,20,230, 9096,2024-08-28 20:05:24.196906
57,200 Round Case - 45 Auto +P 230 Grain XTP Hornady Ammo - 9096SKU: 9096-caseAvailable Stock: 9 $239.50 Each FREE SHIPPING (price per round $1.20),9,239.5,1.2,200,230, 9096-case,2024-08-28 20:05:24.196906
58,20 Round Box - 45 Auto 220 Grain +P Hornady Critical Duty Ammo - 90926SKU: 90926 Available Stock: 48 $29.95 Each 10+ @ $28.95 Each (price per round $1.50),48,29.95,1.5,20,220, 90926 ,2024-08-28 20:05:24.196906
59,200 Round Case - 45 Auto 220 Grain +P Hornady Critical Duty Ammo - 90926SKU: 90926 - caseAvailable Stock: 8 $289.50 Each FREE SHIPPING (price per round $1.45),8,289.5,1.45,200,220, 90926 - case,2024-08-28 20:05:24.196906
60,20 Round Box - 45 Auto 230 Grain XTP Subsonic Hornady Ammo - 90971SKU: 90971 - BoxAvailable Stock: 48 $26.95 Each 10+ @ $25.95 Each (price per round $1.35),48,26.95,1.35,20,230, 90971 - Box,2024-08-28 20:05:24.196906
61,200 Round Case - 45 Auto 230 Grain XTP Subsonic Hornady Ammo - 90971SKU: 90971 - CaseAvailable Stock: 3 $259.50 Each FREE SHIPPING (price per round $1.30),3,259.5,1.3,200,230, 90971 - Case,2024-08-28 20:05:24.196906
62,20 Round Box - 45 Auto 200 Grain Winchester USA Ready Defense Ammo - RED45HPSKU: RED45HP - BoxAvailable Stock: 170 $18.95 Each 10+ @ $17.95 Each (price per round $0.95),170,18.95,0.95,20,200, RED45HP - Box,2024-08-28 20:05:24.196906
63,200 Round Case - 45 Auto 200 Grain Winchester USA Ready Defense Ammo - RED45HPSKU: RED45HP - CaseAvailable Stock: 11 $179.50 Each (price per round $0.90),11,179.5,0.9,200,200, RED45HP - Case,2024-08-28 20:05:24.196906
64,25 Round Box - 45 Auto 165 Grain Sellier Bellot XRG Hollow Point Defense Ammo - SB45XASKU: SB45XA - BoxAvailable Stock: 27 $17.95 Each 10+ @ $15.95 Each (price per round $0.72),27,17.95,0.72,25,165, SB45XA - Box,2024-08-28 20:05:24.196906
65,20 Round Box - 45 Auto 230 Grain Hollow Point Remington Ultimate Defense - HD45APBNSKU: HD45APBNAvailable Stock: 50 $14.95 Each 25+ @ $13.95 Each (price per round $0.75),50,14.95,0.75,20,230, HD45APBN,2024-08-28 20:05:24.196906
66,500 Round Case - 45 Auto 230 Grain Hollow Point Remington Ultimate Defense - HD45APBNSKU: HD45APBN - BoxAvailable Stock: 4 $348.75 Each FREE SHIPPING (price per round $0.70),4,348.75,0.7,500,230, HD45APBN - Box,2024-08-28 20:05:24.196906
67,20 Round Box - 45 Auto +P 185 Grain DPX Hollow Point Corbon Ammo - DPX45185/20SKU: DPX45185/20 - boxAvailable Stock: 182 $21.95 Each 10+ @ $20.95 Each (price per round $1.10),182,21.95,1.1,20,185, DPX45185/20 - box,2024-08-28 20:05:24.196906
68,50 Round Box - 45 Auto 230 Grain FMJ Federal Gold Medal Match Ammo - GM45ASKU: GM45A - BoxAvailable Stock: 7 $39.95 Each 10+ @ $38.95 Each (price per round $0.80),7,39.95,0.8,50,230, GM45A - Box,2024-08-28 20:05:24.196906
69,50 Round Box - 45 Auto 185 Grain FMJ Semi-Wadcutter Federal Gold Medal Match Ammo - GM45BSKU: GM45B - BoxAvailable Stock: 1 $39.95 Each 10+ @ $38.95 Each (price per round $0.80),1,39.95,0.8,50,185, GM45B - Box,2024-08-28 20:05:24.196906
70,50 Round Box - 45 Auto 185 Grain Remington Golden Saber BJHP Hollow Point Ammo - GS45APABSKU: GS45APAB - boxAvailable Stock: 88 $36.95 Each 10+ @ $35.95 Each (price per round $0.74),88,36.95,0.74,50,185, GS45APAB - box,2024-08-28 20:05:24.196906
71,500 Round Case - 45 Auto 185 Grain Remington Golden Saber BJHP Hollow Point Ammo - GS45APABSKU: GS45APAB - caseAvailable Stock: 8 $359.50 Each FREE SHIPPING (price per round $0.72),8,359.5,0.72,500,185, GS45APAB - case,2024-08-28 20:05:24.196906
72,50 Round Box - 45 Auto +P 185 Grain Remington Golden Saber BJHP Hollow Point Ammo - GS45APCBSKU: GS45APCB - boxAvailable Stock: 70 $36.95 Each 10+ @ $35.95 Each (price per round $0.74),70,36.95,0.74,50,185, GS45APCB - box,2024-08-28 20:05:24.196906
73,500 Round Case - 45 Auto +P 185 Grain Remington Golden Saber BJHP Hollow Point Ammo - GS45APCBSKU: GS45APCB - caseAvailable Stock: 7 $359.50 Each FREE SHIPPING (price per round $0.72),7,359.5,0.72,500,185, GS45APCB - case,2024-08-28 20:05:24.196906
74,200 Round Plastic Can - 45 Auto +P 185 Grain Remington Golden Saber BJHP Hollow Point Ammo - GS45APCB - Packed in Small Plastic CanSKU: GS45APCB - 200PCAvailable Stock: 6 $169.95 Each (price per round $0.85),6,169.95,0.85,200,185, GS45APCB - 200PC,2024-08-28 20:05:24.196906
75,50 Round Box - 45 ACP / Auto Remington Golden Saber 230 Grain BJHP Ammo - GS45APBBSKU: GS45APBB - boxAvailable Stock: 37 $36.95 Each 10+ @ $35.95 Each (price per round $0.74),37,36.95,0.74,50,230, GS45APBB - box,2024-08-28 20:05:24.196906
76,500 Round Case - 45 ACP / Auto Remington Golden Saber 230 Grain BJHP Ammo - GS45APBBSKU: GS45APBB - caseAvailable Stock: 10 $359.50 Each FREE SHIPPING (price per round $0.72),10,359.5,0.72,500,230, GS45APBB - case,2024-08-28 20:05:24.196906
77,50 Round Box - Speer Gold Dot 45 Auto +P 200 Grain GDHP Ammo - 53969 SKU: 53969Available Stock: 59 $39.95 Each 20+ @ $38.95 Each (price per round $0.80),59,39.95,0.8,50,200, 53969,2024-08-28 20:05:24.196906
78,1000 Round Case - Speer Gold Dot 45 Auto +P 200 Grain GDHP Ammo - 53969 SKU: 53969-1000Available Stock: 6 $779.00 Each FREE SHIPPING (price per round $0.78),6,779.0,0.78,1000,200, 53969-1000,2024-08-28 20:05:24.196906
79,50 Round Box - 45 Auto +P 230 Grain Speer Gold Dot G2 Duty Ammo - 54256SKU: 54256 - BoxAvailable Stock: 159 $45.95 Each 20+ @ $44.95 Each (price per round $0.92),159,45.95,0.92,50,230, 54256 - Box,2024-08-28 20:05:24.196906
80,20 Round Box - 45 Auto +P 230 Grain Jacketed Hollow Point Federal HST Ammo - P45HST1SSKU: P45HST1S - BoxAvailable Stock: 66 $29.95 Each 10+ @ $28.95 Each (price per round $1.50),66,29.95,1.5,20,230, P45HST1S - Box,2024-08-28 20:05:24.196906
81,200 Round Case - 45 Auto +P 230 Grain Jacketed Hollow Point Federal HST Ammo - P45HST1SSKU: P45HST1S - CaseAvailable Stock: 4 $289.50 Each FREE SHIPPING (price per round $1.45),4,289.5,1.45,200,230, P45HST1S - Case,2024-08-28 20:05:24.196906
82,20 Round Box - 45 Auto 230 Grain Punch Jacketed Hollow Point Federal Personal Defense Ammo - PD45P1SKU: PD45P1 - BoxAvailable Stock: 37 $21.95 Each 10+ @ $20.95 Each (price per round $1.10),37,21.95,1.1,20,230, PD45P1 - Box,2024-08-28 20:05:24.196906
83,200 Round Case - 45 Auto 230 Grain Punch Jacketed Hollow Point Federal Personal Defense Ammo - PD45P1SKU: PD45P1 - CaseAvailable Stock: 5 $209.50 Each FREE SHIPPING (price per round $1.05),5,209.5,1.05,200,230, PD45P1 - Case,2024-08-28 20:05:24.196906
84,20 Round Box - 45 Auto +P 200 Grain Speer Gold Dot Carry Gun Ammo - 24258SKU: 24258 - BoxAvailable Stock: 85 $30.95 Each 10+ @ $29.95 Each (price per round $1.55),85,30.95,1.55,20,200, 24258 - Box,2024-08-28 20:05:24.196906
85,200 Round Case - 45 Auto +P 200 Grain Speer Gold Dot Carry Gun Ammo - 24258SKU: 24258 - CaseAvailable Stock: 10 $299.50 Each FREE SHIPPING (price per round $1.50),10,299.5,1.5,200,200, 24258 - Case,2024-08-28 20:05:24.196906
86,500 Round Case - 45 Auto 230 Grain Jacketed Hollow Point Winchester Ammo - USA45JHPSKU: USA45JHP - CaseAvailable Stock: 0 $229.50 Each FREE SHIPPING (price per round $0.46),0,229.5,0.46,500,230, USA45JHP - Case,2024-08-28 20:05:24.196906
